<dcrgraph title="Bachelor 3 - new delivery type" dataTypesStatus="hide" filterLevel="4" zoomLevel="-2" graphBG="#EBEBEB">
    <specification>
        <resources>
            <events>
                <event id="Activity 0 Bache Q0" scope="private" >
                    <custom>
                        <visualization>
                            <location xLoc="553" yLoc="426" />
                            <colors bg="#f9f7ed" textStroke="#000000" stroke="#cccccc" />
                        </visualization>
                        <roles>
                            <role>Manager</role>
                            <role>Waiter</role>
                        </roles>
                        <groups>
                            <group>only pending</group>
                        </groups>
                        <eventType></eventType>
                        <eventDescription></eventDescription>
                        <level>1</level>
                        <eventData></eventData>
                    </custom>
                </event>
                <event id="Activity 3 Bache Q0" scope="private" >
                    <custom>
                        <visualization>
                            <location xLoc="695" yLoc="722" />
                            <colors bg="#f9f7ed" textStroke="#000000" stroke="#cccccc" />
                        </visualization>
                        <roles>
                            <role>Chef</role>
                            <role>Manager</role>
                        </roles>
                        <groups>
                            <group>only pending</group>
                        </groups>
                        <eventType></eventType>
                        <eventDescription></eventDescription>
                        <level>1</level>
                        <eventData></eventData>
                    </custom>
                </event>
                <event id="Activity 4 Bache Q0" scope="private" >
                    <custom>
                        <visualization>
                            <location xLoc="698" yLoc="557" />
                            <colors bg="#f9f7ed" textStroke="#000000" stroke="#cccccc" />
                        </visualization>
                        <roles>
                            <role>Chef</role>
                            <role>Manager</role>
                        </roles>
                        <groups>
                            <group>only pending</group>
                        </groups>
                        <eventType></eventType>
                        <eventDescription></eventDescription>
                        <level>1</level>
                        <eventData></eventData>
                    </custom>
                </event>
                <event id="Activity 5 Bache Q0" scope="private" >
                    <custom>
                        <visualization>
                            <location xLoc="957" yLoc="630" />
                            <colors bg="#f9f7ed" textStroke="#000000" stroke="#cccccc" />
                        </visualization>
                        <roles>
                            <role>Chef</role>
                            <role>Manager</role>
                        </roles>
                        <groups>
                            <group>only pending</group>
                        </groups>
                        <eventType></eventType>
                        <eventDescription></eventDescription>
                        <level>1</level>
                        <eventData></eventData>
                    </custom>
                </event>
                <event id="Activity 6 Bache Q0" scope="private" >
                    <custom>
                        <visualization>
                            <location xLoc="1133" yLoc="468" />
                            <colors bg="#f9f7ed" textStroke="#000000" stroke="#cccccc" />
                        </visualization>
                        <roles>
                            <role>Manager</role>
                            <role>Waiter</role>
                        </roles>
                        <groups>
                            <group>only pending</group>
                        </groups>
                        <eventType></eventType>
                        <eventDescription></eventDescription>
                        <level>1</level>
                        <eventData></eventData>
                    </custom>
                </event>
                <event id="Activity 7 Bache Q0" scope="private" >
                    <custom>
                        <visualization>
                            <location xLoc="1119" yLoc="630" />
                            <colors bg="#f9f7ed" textStroke="#000000" stroke="#cccccc" />
                        </visualization>
                        <roles>
                            <role>Manager</role>
                            <role>Waiter</role>
                        </roles>
                        <groups>
                            <group>only pending</group>
                        </groups>
                        <eventType></eventType>
                        <eventDescription></eventDescription>
                        <level>1</level>
                        <eventData></eventData>
                    </custom>
                </event>
                <event id="Activity 8 Bache Q0" scope="private" >
                    <custom>
                        <visualization>
                            <location xLoc="1311" yLoc="726" />
                            <colors bg="#f9f7ed" textStroke="#000000" stroke="#cccccc" />
                        </visualization>
                        <roles>
                            <role>Delivery</role>
                            <role>Manager</role>
                        </roles>
                        <groups>
                            <group>only pending</group>
                        </groups>
                        <eventType></eventType>
                        <eventDescription></eventDescription>
                        <level>1</level>
                        <eventData></eventData>
                    </custom>
                </event>
                <event id="Activity 9 Bache Q0" scope="private" >
                    <custom>
                        <visualization>
                            <location xLoc="1290" yLoc="441" />
                            <colors bg="#f9f7ed" textStroke="#000000" stroke="#cccccc" />
                        </visualization>
                        <roles>
                            <role>Manager</role>
                            <role>Waiter</role>
                        </roles>
                        <groups>
                            <group>only pending</group>
                        </groups>
                        <eventType></eventType>
                        <eventDescription></eventDescription>
                        <level>1</level>
                        <eventData></eventData>
                    </custom>
                </event>
                <event id="Activity 11 Bache Q0" scope="private" >
                    <custom>
                        <visualization>
                            <location xLoc="917" yLoc="354" />
                            <colors bg="#f9f7ed" textStroke="#000000" stroke="#cccccc" />
                        </visualization>
                        <roles>
                            <role>Manager</role>
                            <role>Waiter</role>
                        </roles>
                        <groups>
                            <group>only pending</group>
                        </groups>
                        <eventType></eventType>
                        <eventDescription></eventDescription>
                        <level>1</level>
                        <eventData></eventData>
                    </custom>
                </event>
                <event id="Activity 13 Bache Q0" scope="private" >
                    <custom>
                        <visualization>
                            <location xLoc="1068" yLoc="968" />
                            <colors bg="#f9f7ed" textStroke="#000000" stroke="#cccccc" />
                        </visualization>
                        <roles>
                            <role>Manager</role>
                            <role>Waiter</role>
                        </roles>
                        <groups>
                            <group>Edit events</group>
                        </groups>
                        <eventType></eventType>
                        <eventDescription></eventDescription>
                        <level>3</level>
                        <eventData></eventData>
                    </custom>
                </event>
                <event id="Activity 16 Bache Q0" scope="private" >
                    <custom>
                        <visualization>
                            <location xLoc="869" yLoc="964" />
                            <colors bg="#f9f7ed" textStroke="#000000" stroke="#cccccc" />
                        </visualization>
                        <roles>
                            <role>Manager</role>
                            <role>Waiter</role>
                        </roles>
                        <groups>
                            <group>Edit events</group>
                            <group>Hidden edit events</group>
                        </groups>
                        <eventType></eventType>
                        <eventDescription></eventDescription>
                        <level>3</level>
                        <eventData></eventData>
                    </custom>
                </event>
                <event id="Activity 19 Bache Q0" scope="private" >
                    <custom>
                        <visualization>
                            <location xLoc="1179" yLoc="967" />
                            <colors bg="#f9f7ed" textStroke="#000000" stroke="#cccccc" />
                        </visualization>
                        <roles>
                            <role>Manager</role>
                            <role>Waiter</role>
                        </roles>
                        <groups>
                            <group>Edit events</group>
                        </groups>
                        <eventType></eventType>
                        <eventDescription></eventDescription>
                        <level>3</level>
                        <eventData></eventData>
                    </custom>
                </event>
                <event id="Activity 20 Bache Q0" scope="private" >
                    <custom>
                        <visualization>
                            <location xLoc="1104" yLoc="146" />
                            <colors bg="#f9f7ed" textStroke="#000000" stroke="#cccccc" />
                        </visualization>
                        <roles>
                            <role></role>
                        </roles>
                        <groups>
                            <group>only pending</group>
                        </groups>
                        <eventType></eventType>
                        <eventDescription></eventDescription>
                        <level>4</level>
                        <eventData></eventData>
                    </custom>
                </event>
                <event id="Activity 21 Bache Q0" scope="private" >
                    <custom>
                        <visualization>
                            <location xLoc="1228" yLoc="139" />
                            <colors bg="#f9f7ed" textStroke="#000000" stroke="#cccccc" />
                        </visualization>
                        <roles>
                            <role></role>
                        </roles>
                        <groups>
                            <group>only pending</group>
                        </groups>
                        <eventType></eventType>
                        <eventDescription></eventDescription>
                        <level>4</level>
                        <eventData></eventData>
                    </custom>
                </event>
                <event id="Activity 22 Bache Q0" scope="private" >
                    <custom>
                        <visualization>
                            <location xLoc="977" yLoc="138" />
                            <colors bg="#f9f7ed" textStroke="#000000" stroke="#cccccc" />
                        </visualization>
                        <roles>
                            <role></role>
                        </roles>
                        <groups>
                            <group>only pending</group>
                        </groups>
                        <eventType></eventType>
                        <eventDescription></eventDescription>
                        <level>4</level>
                        <eventData></eventData>
                    </custom>
                </event>
                <event id="Activity 23 Bache Q0" scope="private" >
                    <custom>
                        <visualization>
                            <location xLoc="723" yLoc="145" />
                            <colors bg="#f9f7ed" textStroke="#000000" stroke="#cccccc" />
                        </visualization>
                        <roles>
                            <role></role>
                        </roles>
                        <groups>
                            <group>only pending</group>
                        </groups>
                        <eventType></eventType>
                        <eventDescription></eventDescription>
                        <level>4</level>
                        <eventData></eventData>
                    </custom>
                </event>
                <event id="Activity 24 Bache Q0" scope="private" >
                    <custom>
                        <visualization>
                            <location xLoc="854" yLoc="144" />
                            <colors bg="#f9f7ed" textStroke="#000000" stroke="#cccccc" />
                        </visualization>
                        <roles>
                            <role></role>
                        </roles>
                        <groups>
                            <group>only pending</group>
                        </groups>
                        <eventType></eventType>
                        <eventDescription></eventDescription>
                        <level>4</level>
                        <eventData></eventData>
                    </custom>
                </event>
                <event id="Activity 25" scope="private" >
                    <custom>
                        <visualization>
                            <location xLoc="724" yLoc="901" />
                            <colors bg="#f9f7ed" textStroke="#000000" stroke="#cccccc" />
                        </visualization>
                        <roles>
                            <role>Chef</role>
                            <role>Manager</role>
                        </roles>
                        <groups>
                            <group>only pending</group>
                        </groups>
                        <eventType></eventType>
                        <eventDescription></eventDescription>
                        <level>3</level>
                        <eventData></eventData>
                    </custom>
                </event>
                <event id="Activity 26 Bache Q0" scope="private" >
                    <custom>
                        <visualization>
                            <location xLoc="1299" yLoc="973" />
                            <colors bg="#f9f7ed" textStroke="#000000" stroke="#cccccc" />
                        </visualization>
                        <roles>
                            <role>Manager</role>
                            <role>Waiter</role>
                        </roles>
                        <groups>
                            <group>Edit events</group>
                        </groups>
                        <eventType></eventType>
                        <eventDescription></eventDescription>
                        <level>3</level>
                        <eventData></eventData>
                    </custom>
                </event>
                <event id="Activity 19" scope="private" >
                    <custom>
                        <visualization>
                            <location xLoc="692" yLoc="383" />
                            <colors bg="#f9f7ed" textStroke="#000000" stroke="#cccccc" />
                        </visualization>
                        <roles>
                            <role>Chef</role>
                            <role>Manager</role>
                        </roles>
                        <groups>
                            <group>only pending</group>
                        </groups>
                        <eventType></eventType>
                        <eventDescription></eventDescription>
                        <level>1</level>
                        <eventData></eventData>
                    </custom>
                </event>
                <event id="Activity 20" scope="private" >
                    <custom>
                        <visualization>
                            <location xLoc="1142" yLoc="289" />
                            <colors bg="#f9f7ed" textStroke="#000000" stroke="#cccccc" />
                        </visualization>
                        <roles>
                            <role>Delivery</role>
                            <role>Manager</role>
                            <role>Waiter</role>
                        </roles>
                        <groups>
                            <group>only pending</group>
                        </groups>
                        <eventType></eventType>
                        <eventDescription>Prepare the food to be loaded onto a catering van.</eventDescription>
                        <level>1</level>
                        <eventData></eventData>
                    </custom>
                </event>
                <event id="Activity 22" scope="private" >
                    <custom>
                        <visualization>
                            <location xLoc="593" yLoc="144" />
                            <colors bg="#f9f7ed" textStroke="#000000" stroke="#cccccc" />
                        </visualization>
                        <roles>
                            <role></role>
                        </roles>
                        <groups>
                            <group>only pending</group>
                        </groups>
                        <eventType></eventType>
                        <eventDescription></eventDescription>
                        <level>4</level>
                        <eventData></eventData>
                    </custom>
                </event>
                <event id="Activity 23" scope="private" >
                    <custom>
                        <visualization>
                            <location xLoc="1275" yLoc="285" />
                            <colors bg="#f9f7ed" textStroke="#000000" stroke="#cccccc" />
                        </visualization>
                        <roles>
                            <role>Delivery</role>
                            <role>Manager</role>
                        </roles>
                        <groups>
                            <group>only pending</group>
                        </groups>
                        <eventType></eventType>
                        <eventDescription>The food has been delivered to the customer.</eventDescription>
                        <level>1</level>
                        <eventData></eventData>
                    </custom>
                </event>
                <event id="Activity 24" scope="private" >
                    <custom>
                        <visualization>
                            <location xLoc="1104" yLoc="785" />
                            <colors bg="#F9F7ED" textStroke="#000000" stroke="#cccccc" />
                        </visualization>
                        <roles>
                            <role>Delivery</role>
                            <role>Manager</role>
                        </roles>
                        <groups>
                            <group>only pending</group>
                        </groups>
                        <eventType></eventType>
                        <eventDescription></eventDescription>
                        <level>1</level>
                        <eventData></eventData>
                    </custom>
                </event>
            </events>
            <subProcesses></subProcesses>
            <distribution>
                <externalEvents></externalEvents>
            </distribution>
            <labels>
                <label id="Confirm web order" />
                <label id="Begin cooking order to eat in restaurant" />
                <label id="Begin cooking order for delivery or pickup" />
                <label id="Done cooking" />
                <label id="Serve order to table" />
                <label id="Picked up" />
                <label id="Order is delivered" />
                <label id="Clean table" />
                <label id="Pay" />
                <label id="For takeaway" />
                <label id="Items have changed" />
                <label id="For delivery" />
                <label id="Setup graph web takeaway" />
                <label id="Setup graph web delivery" />
                <label id="Setup graph delivery" />
                <label id="Setup graph serving" />
                <label id="Setup graph takeaway" />
                <label id="confirm changes" />
                <label id="For serving" />
                <label id="Begin cooking bulk order" />
                <label id="Ready for transportation" />
                <label id="Setup bulk order" />
                <label id="Bulk order has been delivered" />
                <label id="Order is being delivered" />
            </labels>
            <labelMappings>
                <labelMapping eventId="Activity 0 Bache Q0" labelId="Confirm web order"/>
                <labelMapping eventId="Activity 3 Bache Q0" labelId="Begin cooking order to eat in restaurant"/>
                <labelMapping eventId="Activity 4 Bache Q0" labelId="Begin cooking order for delivery or pickup"/>
                <labelMapping eventId="Activity 5 Bache Q0" labelId="Done cooking"/>
                <labelMapping eventId="Activity 6 Bache Q0" labelId="Serve order to table"/>
                <labelMapping eventId="Activity 7 Bache Q0" labelId="Picked up"/>
                <labelMapping eventId="Activity 8 Bache Q0" labelId="Order is delivered"/>
                <labelMapping eventId="Activity 9 Bache Q0" labelId="Clean table"/>
                <labelMapping eventId="Activity 11 Bache Q0" labelId="Pay"/>
                <labelMapping eventId="Activity 13 Bache Q0" labelId="For takeaway"/>
                <labelMapping eventId="Activity 16 Bache Q0" labelId="Items have changed"/>
                <labelMapping eventId="Activity 19 Bache Q0" labelId="For delivery"/>
                <labelMapping eventId="Activity 20 Bache Q0" labelId="Setup graph web takeaway"/>
                <labelMapping eventId="Activity 21 Bache Q0" labelId="Setup graph web delivery"/>
                <labelMapping eventId="Activity 22 Bache Q0" labelId="Setup graph delivery"/>
                <labelMapping eventId="Activity 23 Bache Q0" labelId="Setup graph serving"/>
                <labelMapping eventId="Activity 24 Bache Q0" labelId="Setup graph takeaway"/>
                <labelMapping eventId="Activity 25" labelId="confirm changes"/>
                <labelMapping eventId="Activity 26 Bache Q0" labelId="For serving"/>
                <labelMapping eventId="Activity 19" labelId="Begin cooking bulk order"/>
                <labelMapping eventId="Activity 20" labelId="Ready for transportation"/>
                <labelMapping eventId="Activity 22" labelId="Setup bulk order"/>
                <labelMapping eventId="Activity 23" labelId="Bulk order has been delivered"/>
                <labelMapping eventId="Activity 24" labelId="Order is being delivered"/>
            </labelMappings>
            <expressions></expressions>
            <variables></variables>
            <variableAccesses>
                <writeAccesses />
            </variableAccesses>
            <custom>
                <roles>
                    <role description="">Chef</role>
                    <role description="">Delivery</role>
                    <role description="">Manager</role>
                    <role description="">Waiter</role>
                </roles>
                <groups>
                    <group sequence="0"  description="">always</group>
                    <group sequence="0"  description="">Edit events</group>
                    <group sequence="0"  description="">Hidden edit events</group>
                    <group sequence="0"  description="">only pending</group>
                    <group sequence="0"  description="">Waiter serves order</group>
                </groups>
                <eventTypes></eventTypes>
                <graphDetails></graphDetails>
                <graphFilters>
                    <filteredGroups></filteredGroups>
                    <filteredRoles></filteredRoles>
                </graphFilters>
            </custom>
        </resources>
        <constraints>
            <conditions>
                <condition sourceId="Activity 0 Bache Q0" targetId="Activity 4 Bache Q0" filterLevel="1"  description=""  time=""  groups=""  />
            </conditions>
            <responses>
                <response sourceId="Activity 0 Bache Q0" targetId="Activity 4 Bache Q0" filterLevel="1"  description=""  time=""  groups=""  />
                <response sourceId="Activity 3 Bache Q0" targetId="Activity 5 Bache Q0" filterLevel="1"  description=""  time=""  groups=""  />
                <response sourceId="Activity 4 Bache Q0" targetId="Activity 5 Bache Q0" filterLevel="1"  description=""  time=""  groups=""  />
                <response sourceId="Activity 5 Bache Q0" targetId="Activity 6 Bache Q0" filterLevel="1"  description=""  time=""  groups=""  />
                <response sourceId="Activity 5 Bache Q0" targetId="Activity 7 Bache Q0" filterLevel="1"  description=""  time=""  groups=""  />
                <response sourceId="Activity 6 Bache Q0" targetId="Activity 9 Bache Q0" filterLevel="1"  description=""  time=""  groups=""  />
                <response sourceId="Activity 21 Bache Q0" targetId="Activity 0 Bache Q0" filterLevel="5"  description=""  time=""  groups=""  />
                <response sourceId="Activity 22 Bache Q0" targetId="Activity 4 Bache Q0" filterLevel="4"  description=""  time=""  groups=""  />
                <response sourceId="Activity 22 Bache Q0" targetId="Activity 11 Bache Q0" filterLevel="4"  description=""  time=""  groups=""  />
                <response sourceId="Activity 23 Bache Q0" targetId="Activity 3 Bache Q0" filterLevel="5"  description=""  time=""  groups=""  />
                <response sourceId="Activity 23 Bache Q0" targetId="Activity 11 Bache Q0" filterLevel="4"  description=""  time=""  groups=""  />
                <response sourceId="Activity 24 Bache Q0" targetId="Activity 4 Bache Q0" filterLevel="4"  description=""  time=""  groups=""  />
                <response sourceId="Activity 24 Bache Q0" targetId="Activity 11 Bache Q0" filterLevel="4"  description=""  time=""  groups=""  />
                <response sourceId="Activity 16 Bache Q0" targetId="Activity 25" filterLevel="3"  description=""  time=""  groups=""  />
                <response sourceId="Activity 25" targetId="Activity 3 Bache Q0" filterLevel="1"  description=""  time=""  groups=""  />
                <response sourceId="Activity 25" targetId="Activity 4 Bache Q0" filterLevel="1"  description=""  time=""  groups=""  />
                <response sourceId="Activity 20 Bache Q0" targetId="Activity 0 Bache Q0" filterLevel="5"  description=""  time=""  groups=""  />
                <response sourceId="Activity 22" targetId="Activity 19" filterLevel="1"  description=""  time=""  groups=""  />
                <response sourceId="Activity 19" targetId="Activity 5 Bache Q0" filterLevel="1"  description=""  time=""  groups=""  />
                <response sourceId="Activity 5 Bache Q0" targetId="Activity 20" filterLevel="1"  description=""  time=""  groups=""  />
                <response sourceId="Activity 20" targetId="Activity 23" filterLevel="1"  description=""  time=""  groups=""  />
                <response sourceId="Activity 25" targetId="Activity 19" filterLevel="1"  description=""  time=""  groups=""  />
                <response sourceId="Activity 22" targetId="Activity 11 Bache Q0" filterLevel="4"  description=""  time=""  groups=""  />
                <response sourceId="Activity 5 Bache Q0" targetId="Activity 24" filterLevel="1"  description=""  time=""  groups=""  />
                <response sourceId="Activity 24" targetId="Activity 8 Bache Q0" filterLevel="1"  description=""  time=""  groups=""  />
            </responses>
            <excludes>
                <exclude sourceId="Activity 0 Bache Q0" targetId="Activity 0 Bache Q0" filterLevel="1"  description=""  time=""  groups=""  />
                <exclude sourceId="Activity 20 Bache Q0" targetId="Activity 3 Bache Q0" filterLevel="5"  description=""  time=""  groups=""  />
                <exclude sourceId="Activity 20 Bache Q0" targetId="Activity 6 Bache Q0" filterLevel="5"  description=""  time=""  groups=""  />
                <exclude sourceId="Activity 20 Bache Q0" targetId="Activity 8 Bache Q0" filterLevel="5"  description=""  time=""  groups=""  />
                <exclude sourceId="Activity 20 Bache Q0" targetId="Activity 9 Bache Q0" filterLevel="5"  description=""  time=""  groups=""  />
                <exclude sourceId="Activity 20 Bache Q0" targetId="Activity 11 Bache Q0" filterLevel="5"  description=""  time=""  groups=""  />
                <exclude sourceId="Activity 20 Bache Q0" targetId="Activity 20 Bache Q0" filterLevel="4"  description=""  time=""  groups=""  />
                <exclude sourceId="Activity 20 Bache Q0" targetId="Activity 21 Bache Q0" filterLevel="5"  description=""  time=""  groups=""  />
                <exclude sourceId="Activity 20 Bache Q0" targetId="Activity 22 Bache Q0" filterLevel="5"  description=""  time=""  groups=""  />
                <exclude sourceId="Activity 20 Bache Q0" targetId="Activity 23 Bache Q0" filterLevel="5"  description=""  time=""  groups=""  />
                <exclude sourceId="Activity 20 Bache Q0" targetId="Activity 24 Bache Q0" filterLevel="5"  description=""  time=""  groups=""  />
                <exclude sourceId="Activity 21 Bache Q0" targetId="Activity 3 Bache Q0" filterLevel="5"  description=""  time=""  groups=""  />
                <exclude sourceId="Activity 21 Bache Q0" targetId="Activity 6 Bache Q0" filterLevel="5"  description=""  time=""  groups=""  />
                <exclude sourceId="Activity 21 Bache Q0" targetId="Activity 7 Bache Q0" filterLevel="5"  description=""  time=""  groups=""  />
                <exclude sourceId="Activity 21 Bache Q0" targetId="Activity 9 Bache Q0" filterLevel="5"  description=""  time=""  groups=""  />
                <exclude sourceId="Activity 21 Bache Q0" targetId="Activity 11 Bache Q0" filterLevel="5"  description=""  time=""  groups=""  />
                <exclude sourceId="Activity 21 Bache Q0" targetId="Activity 20 Bache Q0" filterLevel="5"  description=""  time=""  groups=""  />
                <exclude sourceId="Activity 21 Bache Q0" targetId="Activity 21 Bache Q0" filterLevel="4"  description=""  time=""  groups=""  />
                <exclude sourceId="Activity 21 Bache Q0" targetId="Activity 22 Bache Q0" filterLevel="5"  description=""  time=""  groups=""  />
                <exclude sourceId="Activity 21 Bache Q0" targetId="Activity 23 Bache Q0" filterLevel="5"  description=""  time=""  groups=""  />
                <exclude sourceId="Activity 21 Bache Q0" targetId="Activity 24 Bache Q0" filterLevel="5"  description=""  time=""  groups=""  />
                <exclude sourceId="Activity 22 Bache Q0" targetId="Activity 0 Bache Q0" filterLevel="5"  description=""  time=""  groups=""  />
                <exclude sourceId="Activity 22 Bache Q0" targetId="Activity 3 Bache Q0" filterLevel="5"  description=""  time=""  groups=""  />
                <exclude sourceId="Activity 22 Bache Q0" targetId="Activity 6 Bache Q0" filterLevel="5"  description=""  time=""  groups=""  />
                <exclude sourceId="Activity 22 Bache Q0" targetId="Activity 7 Bache Q0" filterLevel="5"  description=""  time=""  groups=""  />
                <exclude sourceId="Activity 22 Bache Q0" targetId="Activity 9 Bache Q0" filterLevel="5"  description=""  time=""  groups=""  />
                <exclude sourceId="Activity 22 Bache Q0" targetId="Activity 20 Bache Q0" filterLevel="5"  description=""  time=""  groups=""  />
                <exclude sourceId="Activity 22 Bache Q0" targetId="Activity 21 Bache Q0" filterLevel="5"  description=""  time=""  groups=""  />
                <exclude sourceId="Activity 22 Bache Q0" targetId="Activity 22 Bache Q0" filterLevel="4"  description=""  time=""  groups=""  />
                <exclude sourceId="Activity 22 Bache Q0" targetId="Activity 23 Bache Q0" filterLevel="5"  description=""  time=""  groups=""  />
                <exclude sourceId="Activity 23 Bache Q0" targetId="Activity 0 Bache Q0" filterLevel="5"  description=""  time=""  groups=""  />
                <exclude sourceId="Activity 23 Bache Q0" targetId="Activity 4 Bache Q0" filterLevel="5"  description=""  time=""  groups=""  />
                <exclude sourceId="Activity 23 Bache Q0" targetId="Activity 7 Bache Q0" filterLevel="5"  description=""  time=""  groups=""  />
                <exclude sourceId="Activity 23 Bache Q0" targetId="Activity 8 Bache Q0" filterLevel="5"  description=""  time=""  groups="only pending"  />
                <exclude sourceId="Activity 23 Bache Q0" targetId="Activity 21 Bache Q0" filterLevel="5"  description=""  time=""  groups=""  />
                <exclude sourceId="Activity 23 Bache Q0" targetId="Activity 22 Bache Q0" filterLevel="5"  description=""  time=""  groups=""  />
                <exclude sourceId="Activity 23 Bache Q0" targetId="Activity 23 Bache Q0" filterLevel="4"  description=""  time=""  groups=""  />
                <exclude sourceId="Activity 23 Bache Q0" targetId="Activity 24 Bache Q0" filterLevel="5"  description=""  time=""  groups=""  />
                <exclude sourceId="Activity 24 Bache Q0" targetId="Activity 0 Bache Q0" filterLevel="5"  description=""  time=""  groups=""  />
                <exclude sourceId="Activity 24 Bache Q0" targetId="Activity 3 Bache Q0" filterLevel="5"  description=""  time=""  groups=""  />
                <exclude sourceId="Activity 24 Bache Q0" targetId="Activity 6 Bache Q0" filterLevel="5"  description=""  time=""  groups=""  />
                <exclude sourceId="Activity 24 Bache Q0" targetId="Activity 8 Bache Q0" filterLevel="5"  description=""  time=""  groups=""  />
                <exclude sourceId="Activity 24 Bache Q0" targetId="Activity 9 Bache Q0" filterLevel="5"  description=""  time=""  groups="only pending"  />
                <exclude sourceId="Activity 24 Bache Q0" targetId="Activity 20 Bache Q0" filterLevel="5"  description=""  time=""  groups=""  />
                <exclude sourceId="Activity 24 Bache Q0" targetId="Activity 21 Bache Q0" filterLevel="5"  description=""  time=""  groups=""  />
                <exclude sourceId="Activity 24 Bache Q0" targetId="Activity 22 Bache Q0" filterLevel="5"  description=""  time=""  groups=""  />
                <exclude sourceId="Activity 24 Bache Q0" targetId="Activity 23 Bache Q0" filterLevel="5"  description=""  time=""  groups=""  />
                <exclude sourceId="Activity 24 Bache Q0" targetId="Activity 24 Bache Q0" filterLevel="4"  description=""  time=""  groups=""  />
                <exclude sourceId="Activity 19 Bache Q0" targetId="Activity 6 Bache Q0" filterLevel="3"  description=""  time=""  groups=""  />
                <exclude sourceId="Activity 13 Bache Q0" targetId="Activity 6 Bache Q0" filterLevel="3"  description=""  time=""  groups=""  />
                <exclude sourceId="Activity 19 Bache Q0" targetId="Activity 9 Bache Q0" filterLevel="3"  description=""  time=""  groups=""  />
                <exclude sourceId="Activity 13 Bache Q0" targetId="Activity 9 Bache Q0" filterLevel="3"  description=""  time=""  groups=""  />
                <exclude sourceId="Activity 19 Bache Q0" targetId="Activity 7 Bache Q0" filterLevel="3"  description=""  time=""  groups=""  />
                <exclude sourceId="Activity 13 Bache Q0" targetId="Activity 8 Bache Q0" filterLevel="3"  description=""  time=""  groups=""  />
                <exclude sourceId="Activity 26 Bache Q0" targetId="Activity 8 Bache Q0" filterLevel="1"  description=""  time=""  groups=""  />
                <exclude sourceId="Activity 26 Bache Q0" targetId="Activity 7 Bache Q0" filterLevel="1"  description=""  time=""  groups=""  />
                <exclude sourceId="Activity 19 Bache Q0" targetId="Activity 3 Bache Q0" filterLevel="3"  description=""  time=""  groups=""  />
                <exclude sourceId="Activity 13 Bache Q0" targetId="Activity 3 Bache Q0" filterLevel="3"  description=""  time=""  groups=""  />
                <exclude sourceId="Activity 26 Bache Q0" targetId="Activity 4 Bache Q0" filterLevel="1"  description=""  time=""  groups=""  />
                <exclude sourceId="Activity 23 Bache Q0" targetId="Activity 20 Bache Q0" filterLevel="5"  description=""  time=""  groups=""  />
                <exclude sourceId="Activity 22 Bache Q0" targetId="Activity 24 Bache Q0" filterLevel="5"  description=""  time=""  groups=""  />
                <exclude sourceId="Activity 23 Bache Q0" targetId="Activity 22" filterLevel="5"  description=""  time=""  groups=""  />
                <exclude sourceId="Activity 24 Bache Q0" targetId="Activity 22" filterLevel="5"  description=""  time=""  groups=""  />
                <exclude sourceId="Activity 22 Bache Q0" targetId="Activity 22" filterLevel="5"  description=""  time=""  groups=""  />
                <exclude sourceId="Activity 20 Bache Q0" targetId="Activity 22" filterLevel="5"  description=""  time=""  groups=""  />
                <exclude sourceId="Activity 21 Bache Q0" targetId="Activity 22" filterLevel="5"  description=""  time=""  groups=""  />
                <exclude sourceId="Activity 22" targetId="Activity 23 Bache Q0" filterLevel="5"  description=""  time=""  groups=""  />
                <exclude sourceId="Activity 22" targetId="Activity 24 Bache Q0" filterLevel="5"  description=""  time=""  groups=""  />
                <exclude sourceId="Activity 22" targetId="Activity 22 Bache Q0" filterLevel="5"  description=""  time=""  groups=""  />
                <exclude sourceId="Activity 22" targetId="Activity 20 Bache Q0" filterLevel="5"  description=""  time=""  groups=""  />
                <exclude sourceId="Activity 22" targetId="Activity 21 Bache Q0" filterLevel="5"  description=""  time=""  groups=""  />
                <exclude sourceId="Activity 22" targetId="Activity 26 Bache Q0" filterLevel="4"  description=""  time=""  groups=""  />
                <exclude sourceId="Activity 22" targetId="Activity 13 Bache Q0" filterLevel="4"  description=""  time=""  groups=""  />
                <exclude sourceId="Activity 22" targetId="Activity 19 Bache Q0" filterLevel="4"  description=""  time=""  groups=""  />
                <exclude sourceId="Activity 22" targetId="Activity 6 Bache Q0" filterLevel="5"  description=""  time=""  groups=""  />
                <exclude sourceId="Activity 22" targetId="Activity 7 Bache Q0" filterLevel="5"  description=""  time=""  groups=""  />
                <exclude sourceId="Activity 22" targetId="Activity 8 Bache Q0" filterLevel="5"  description=""  time=""  groups=""  />
                <exclude sourceId="Activity 21 Bache Q0" targetId="Activity 20" filterLevel="5"  description=""  time=""  groups=""  />
                <exclude sourceId="Activity 20 Bache Q0" targetId="Activity 20" filterLevel="5"  description=""  time=""  groups=""  />
                <exclude sourceId="Activity 22 Bache Q0" targetId="Activity 20" filterLevel="5"  description=""  time=""  groups=""  />
                <exclude sourceId="Activity 24 Bache Q0" targetId="Activity 20" filterLevel="5"  description=""  time=""  groups=""  />
                <exclude sourceId="Activity 23 Bache Q0" targetId="Activity 20" filterLevel="5"  description=""  time=""  groups=""  />
                <exclude sourceId="Activity 22" targetId="Activity 4 Bache Q0" filterLevel="4"  description=""  time=""  groups=""  />
                <exclude sourceId="Activity 22" targetId="Activity 3 Bache Q0" filterLevel="4"  description=""  time=""  groups=""  />
                <exclude sourceId="Activity 22" targetId="Activity 0 Bache Q0" filterLevel="4"  description=""  time=""  groups=""  />
                <exclude sourceId="Activity 23 Bache Q0" targetId="Activity 19" filterLevel="4"  description=""  time=""  groups=""  />
                <exclude sourceId="Activity 24 Bache Q0" targetId="Activity 19" filterLevel="4"  description=""  time=""  groups=""  />
                <exclude sourceId="Activity 22 Bache Q0" targetId="Activity 19" filterLevel="4"  description=""  time=""  groups=""  />
                <exclude sourceId="Activity 20 Bache Q0" targetId="Activity 19" filterLevel="4"  description=""  time=""  groups=""  />
                <exclude sourceId="Activity 21 Bache Q0" targetId="Activity 19" filterLevel="4"  description=""  time=""  groups=""  />
                <exclude sourceId="Activity 22" targetId="Activity 22" filterLevel="4"  description=""  time=""  groups=""  />
                <exclude sourceId="Activity 26 Bache Q0" targetId="Activity 24" filterLevel="3"  description=""  time=""  groups=""  />
                <exclude sourceId="Activity 13 Bache Q0" targetId="Activity 24" filterLevel="3"  description=""  time=""  groups=""  />
                <exclude sourceId="Activity 22" targetId="Activity 24" filterLevel="4"  description=""  time=""  groups=""  />
                <exclude sourceId="Activity 23 Bache Q0" targetId="Activity 24" filterLevel="4"  description=""  time=""  groups=""  />
                <exclude sourceId="Activity 24 Bache Q0" targetId="Activity 24" filterLevel="4"  description=""  time=""  groups=""  />
                <exclude sourceId="Activity 20 Bache Q0" targetId="Activity 24" filterLevel="4"  description=""  time=""  groups=""  />
            </excludes>
            <includes>
                <include sourceId="Activity 13 Bache Q0" targetId="Activity 7 Bache Q0" filterLevel="3"  description=""  time=""  groups=""  />
                <include sourceId="Activity 19 Bache Q0" targetId="Activity 8 Bache Q0" filterLevel="3"  description=""  time=""  groups=""  />
                <include sourceId="Activity 26 Bache Q0" targetId="Activity 6 Bache Q0" filterLevel="1"  description=""  time=""  groups=""  />
                <include sourceId="Activity 26 Bache Q0" targetId="Activity 9 Bache Q0" filterLevel="1"  description=""  time=""  groups=""  />
                <include sourceId="Activity 19 Bache Q0" targetId="Activity 4 Bache Q0" filterLevel="3"  description=""  time=""  groups=""  />
                <include sourceId="Activity 13 Bache Q0" targetId="Activity 4 Bache Q0" filterLevel="3"  description=""  time=""  groups=""  />
                <include sourceId="Activity 26 Bache Q0" targetId="Activity 3 Bache Q0" filterLevel="1"  description=""  time=""  groups=""  />
                <include sourceId="Activity 19 Bache Q0" targetId="Activity 24" filterLevel="3"  description=""  time=""  groups=""  />
            </includes>
            <milestones>
                <milestone sourceId="Activity 4 Bache Q0" targetId="Activity 5 Bache Q0" filterLevel="1"  description=""  time=""  groups=""  />
                <milestone sourceId="Activity 3 Bache Q0" targetId="Activity 5 Bache Q0" filterLevel="1"  description=""  time=""  groups=""  />
                <milestone sourceId="Activity 5 Bache Q0" targetId="Activity 6 Bache Q0" filterLevel="1"  description=""  time=""  groups=""  />
                <milestone sourceId="Activity 5 Bache Q0" targetId="Activity 7 Bache Q0" filterLevel="1"  description=""  time=""  groups=""  />
                <milestone sourceId="Activity 6 Bache Q0" targetId="Activity 9 Bache Q0" filterLevel="1"  description=""  time=""  groups=""  />
                <milestone sourceId="Activity 11 Bache Q0" targetId="Activity 7 Bache Q0" filterLevel="1"  description=""  time=""  groups=""  />
                <milestone sourceId="Activity 25" targetId="Activity 3 Bache Q0" filterLevel="1"  description=""  time=""  groups=""  />
                <milestone sourceId="Activity 25" targetId="Activity 5 Bache Q0" filterLevel="1"  description=""  time=""  groups=""  />
                <milestone sourceId="Activity 25" targetId="Activity 4 Bache Q0" filterLevel="1"  description=""  time=""  groups=""  />
                <milestone sourceId="Activity 19" targetId="Activity 5 Bache Q0" filterLevel="1"  description=""  time=""  groups=""  />
                <milestone sourceId="Activity 5 Bache Q0" targetId="Activity 20" filterLevel="1"  description=""  time=""  groups=""  />
                <milestone sourceId="Activity 11 Bache Q0" targetId="Activity 19" filterLevel="1"  description=""  time=""  groups=""  />
                <milestone sourceId="Activity 11 Bache Q0" targetId="Activity 8 Bache Q0" filterLevel="1"  description=""  time=""  groups=""  />
                <milestone sourceId="Activity 11 Bache Q0" targetId="Activity 9 Bache Q0" filterLevel="1"  description=""  time=""  groups=""  />
                <milestone sourceId="Activity 20" targetId="Activity 23" filterLevel="1"  description=""  time=""  groups=""  />
                <milestone sourceId="Activity 25" targetId="Activity 19" filterLevel="1"  description=""  time=""  groups=""  />
                <milestone sourceId="Activity 5 Bache Q0" targetId="Activity 24" filterLevel="1"  description=""  time=""  groups=""  />
                <milestone sourceId="Activity 24" targetId="Activity 8 Bache Q0" filterLevel="1"  description=""  time=""  groups=""  />
            </milestones>
            <spawns></spawns>
        </constraints>
    </specification>
    <runtime>
        <marking>
            <globalStore></globalStore>
            <executed></executed>
            <included>
                <event id="Activity 0 Bache Q0"/>
                <event id="Activity 3 Bache Q0"/>
                <event id="Activity 4 Bache Q0"/>
                <event id="Activity 5 Bache Q0"/>
                <event id="Activity 6 Bache Q0"/>
                <event id="Activity 7 Bache Q0"/>
                <event id="Activity 8 Bache Q0"/>
                <event id="Activity 9 Bache Q0"/>
                <event id="Activity 11 Bache Q0"/>
                <event id="Activity 13 Bache Q0"/>
                <event id="Activity 16 Bache Q0"/>
                <event id="Activity 19 Bache Q0"/>
                <event id="Activity 20 Bache Q0"/>
                <event id="Activity 21 Bache Q0"/>
                <event id="Activity 22 Bache Q0"/>
                <event id="Activity 23 Bache Q0"/>
                <event id="Activity 24 Bache Q0"/>
                <event id="Activity 25"/>
                <event id="Activity 26 Bache Q0"/>
                <event id="Activity 19"/>
                <event id="Activity 20"/>
                <event id="Activity 22"/>
                <event id="Activity 23"/>
                <event id="Activity 24"/>
            </included>
            <pendingResponses>
                <event id="Activity 20 Bache Q0"/>
                <event id="Activity 21 Bache Q0"/>
                <event id="Activity 22 Bache Q0"/>
                <event id="Activity 23 Bache Q0"/>
                <event id="Activity 24 Bache Q0"/>
                <event id="Activity 22"/>
            </pendingResponses>
        </marking>
        <custom />
    </runtime>
</dcrgraph>